{
    "accuracy": 0.2890625,
    "loss": 2.0658891201019287
}